Akira45-0
Akira45-0
Akira45-0,Akira45-0
ArnaudFR86,ArnaudFR86,ArnaudFR86,ArnaudFR86
ArthurCideron
Bayernatoor,Bayernatoor,Bayernatoor,Bayernatoor,Bayernatoor,Bayernatoor,bayernatoor
BravoIndia
CaveSpectre11
Cfair,Mycelial1
ChanoSan,ChanoSan,ChanoSan,ChanoSan
DrazenV,DrazenV,Drazen-V
Emzy,Emzy,Emzy,Emzy,Emzy,Emzy,Emzy,Emzy,Emzy,Emzy,Emzy,Emzy,Emzy,Emzy,Emzy,Emzy,Emzy,Emzy,Emzy,Emzy,Emzy,Emzy,Emzy
HarryMacfinned,HarryMacfinned,HarryMacFinned,HarryMacfinned,HarryMacFinned (aka Homard),HarryMacFinned (also Homard),HarryMacFinned/Homard,HarryMacFinned (aka Homard),HarryMacFinned,HarryMacfinned
Juan Tellez / Sebastian Tellez
KISBitcoin
KamilPredecki
Manfred Karrer,deltahandler,Manfred Karrer,deltahandler,deltahandler,deltahandler,deltahandler, chimp1984,chimp1984,deltahandler
Manfred Karrer
Manfred Karrer (for node 1),Manfred Karrer,Manfred Karrer,Manfred Karrer (for node 2),Manfred Karrer,ManfredKarrer
MwithM,MwithM,MwithM
MwithM,MwithM,MwithM,MwithM,tasmanoide,bounhun,MwithM,MwithM,MwithM,MwithM,MwithM,MwithM,MwithM,MwithM,MwithM,MwithM,MwithM,bounhun,MwithM,MwithM,MwithM,MwithM,MwithM,MwithM,MwithM,MwithM,MwithM,MwithM,MwithM,MwithM
MwithM,MwithM,MwithM
Oscar65,Oscar65
PortfelKowalskiego
RefundAgent,RefundAgent,RefundAgent,RefundAgent,RefundAgent,RefundAgent,RefundAgent,RefundAgent,RefundAgent,RefundAgent,RefundAgent,RefundAgent,RefundAgent,RefundAgent,RefundAgent,RefundAgent,RefundAgent,RefundAgent,RefundAgent,RefundAgent,RefundAgent,RefundAgent,RefundAgent,RefundAgent
RiccardoMasutti,RiccardoMasutti,RiccardoMasutti,RiccardoMasutti,RiccardoMasutti
Stam57
Technohacker
WDLJT,ff98sha,WDLJT6,ff98sha,Ff98sha,ff98sha,wdljt6,wdljt6,wdljt6,RadishXN,Ff98sha,Ff98sha,RadishXN,wdljt,wdljt6,WDLJT
acrual,acrual
aejontargaryen
agb19,agb19
alexej996,alexej996,Aleksej,alexej996,Aleksej,alexej996,Aleksej,Aleksej,alexej996
alexej996,alexej996,alexej996,alexej996,alexej996,alexej996,alexej996,alexej996,alexej996,alexej996
arunasurya,arunasurya,arunasurya,arunasurya,arunasurya
battleofwizards
beingindot,beingindot,beingindot,beingindot,beingindot,beingindot
ben-kaufman
bisq-knight,Fkrauss,FKrauss,bisq-knight,bisq-knight,FKrauss,Bisq-knight,bisq-knight,fkrauss,FKrauss,Bisq-knight,bisq-knight,bisq-knight,Bisq-knight,bisq-knight,FKrauss
bisquser,bisquser,bisquser,bisquser
blabno,blabno,blabno,blabno,blabno,blabno
bodymindarts,bodymindarts,bodymindarts,bodymindarts,bodymindarts
brndnng
burning2019,burning2019,burning2019
burningman2,burningman2,burningman2,burningman2,burningman2
burningman2,burningman2,burningman2,burningman2
burningman3,burningman3,burningman3,burningman3,burningman3,burningman3,burningman3,burningman3
cbeams
cbeams,cbeams,cbeams,cbeams,cbeams,cbeams,cbeams,cbeams,cbeams,cbeams,cbeams
cbeams,cbeams,cbeams,cbeams
cd2357,cd2357,cd2357
chimp1984,chimp1984
chimp1984,chimp1984,chimp1984,chimp1984
chimp1984,chimp1984
chirhonul
chris,christophsturm
clearwater-trust
danielv1234
devinbileck,devinbileck,devinbileck,devinbileck,devinbileck,devinbileck,devinbileck,devinbileck,devinbileck,devinbileck,devinbileck,devinbileck,devinbileck,devinbileck,devinbileck,devinbileck,devinbileck,devinbileck,devinbileck,devinbileck,devinbileck,devinbileck,devinbileck,devinbileck,devinbileck
dgyg
dlnd1986
dmos62,dmos62,dmos62,dmos62,dmos62
doitsu232
doitsu232,doitsu232,doitsu232,doitsu232,doitsu232
elkimek
erciccione,erciccione,erciccione,erciccione
eyalron33-neiman30
failedbisqtrade
fedegrc,fedegrc
flix1
francov99
freimair,freimair,freimair,freimair,freimair,freimair,freimair,freimair,freimair,freimair,freimair,freimair,freimair,freimair,freimair,freimair,freimair,freimair,freimair,freimair,freimair,freimair
freimair
ghubstan,ghubstan,ghubstan,ghubstan,ghubstan,ghubstan,ghubstan,ghubstan
huey,huey,huey,huey735
huey735,huey735,huey735,huey735,huey
ifarnung,ifarnung,ifarnung
invertedbobb,invertedbobb,invertedbobb
j3ko
jdonmoyer
jmacxx,jmacxx,jmacxx,jmacxx,jmacxx,jmacxx,jmacxx,jmacxx
jmacxx
joergsen,joergsen
julianknutsen
kopite77
kwcareer
leo816,leo816,leo,leo,leo816,leo816,leo816,leo816,leo816,leo816,leo,leo816,leo816
leshik
luisantoniocrag
luisantoniocrag, luisantoniocrag,luisantoniocrag
luisantoniocrag
luisantoniocrag,pazza83,pazza83,luisantoniocrag
lusarz,lusarz,lusarz
lyyva,lyyva/bisquit,lyyva/bisquit
m52go,m52go,m52go,m52go,m52go,m52go,m52go,m52go,m52go,m52go,m52go,kbteamowner,m52go,m52go,m52go,m52go,m52go,m52go,m52go
m52go,m52go,m52go
m52go
michaltakac
mpolavieja,mpolavieja
mrosseel,miker,mrosseel,mrosseel,mrosseel,mrosseel,mrosseel,mike,mrosseel,mrosseel,mrosseel,mrosseel,mike,mrosseel
ncstdc
niyid,niyid,niyid,niyid,niyid,niyid,niyid
oscarguindzberg,oscarguindzberg,oscarguindzberg
oscarguindzberg,oscarguindzberg,oscarguindzberg,oscarguindzberg
pac,rafaelpac
pazza404,pazza404
pedromvpg,pedromvprg,pedromvpg,pedromvpg,pedromvpg,pedromvpg,pedromvpg,edromvpg
petrhejna,petrhejna
pfergi42
refund-agent2,refund-agent2
rex4539,rex4539,rex4539
ripcurlx,ripcurlx,ripcurlx,ripcurlx,ripcurlx,ripcurlx,ripcurlx,ripcurlx,ripcurlx,ripcurlx,ripcurlx,ripcurlx
ripcurlx,christoph (ripcurlx),christoph (ripcurlx),ripcurlx,ripcurlx,ripcurlx
robkaandorp,robkaandorp,robkaandorp,robkaandorp,robkaandorp,robkaandorp,robkaandorp,robkaandorp,robkaandorp
roundrobin42,roundrobin42
softsimon
softsimon
spx4000,spx4000
sqrrm,sqrrm,sqrrm,sqrrm,sqrrm,sqrrm,sqrrm (node1),sqrrm,sqrrm,sqrrm,sqrrm,sqrrm,sqrrm,sqrrm,sqrrm (node 2),sqrrm,sqrrm,sqrrm,sqrrm,sqrrm,sqrrm,sqrrm,sqrrm,sqrrm,sqrrm,sqrrm,sqrrm,sqrrm
stejbac,stejbac,stejbac,stejbac,stejbac,stejbac,stejbac,stejbac
stopfeds,stopfeds
sundaywar
tdhr0917,tdhr0917,tdhr0917
thiagopaesm,bitcointerra
torachan3
trigger67
wiz
wiz,wiz,wiz,wiz,wiz,wiz
wiz,wiz
wiz,wiz,wiz
wiz,wiz,wiz,wiz,wiz,wiz,wiz,wiz,wiz,wiz,wiz,wiz,wiz,wiz,wiz,wiz,wiz,wiz,wiz,wiz,wiz,wiz,wiz,wiz,wiz,wiz,wiz,wiz,wiz,wiz
wiz,wiz,wiz
xbyvee,xbyvee
y3v63n,y3v63n,y3v63n,y3v63n,y3v63n,y3v63n,y3v63n
